Factor_1,Factor_2
-0.020493867591479288,-0.4490753380849974
-0.010922059093426572,-0.28058825883901684
0.2479280075642843,-0.14865226358245753
-0.011085533336093453,-0.03390104278174352
-0.021628030653054707,-0.2742762340637246
0.001633016742415589,-0.3942499550430927
-0.16295360687238755,-0.1512225577544577
-0.14345729973394367,-0.40674299056588314
-0.09680324473957384,-0.31608388174639585
-0.14530325090282242,-0.14308074224763384
-0.1486901618536937,0.21060455916700122
-0.13876217520633577,0.40975812930126443
-0.1976917664495867,1.1171103566412295
-0.23921817006636306,0.28646801971691654
-0.26811368614418646,-0.027482634949089053
0.17834185181810447,-0.03188630407773685
0.19052703112018515,0.21651207869750566
0.20181759114056647,0.4464939730712687
-0.2677728437965368,0.2370225279176927
-0.39527202619106283,1.1083212468322852
-0.23446406651970464,-0.1330999892391454
-0.6664894211353574,3.029894920567821
-0.23921817006636306,0.28646801971691654
-0.07339098190903834,-0.022823227736907082
-0.023605226904957755,-0.016758096466028854
0.21276697145309634,-0.289522826005034
0.3159303068854758,-0.4838686590751151
0.2102551648074595,-0.45980655565700196
-0.0620558233130421,-0.4442080419218928
-0.12416627018448002,-0.3345007166228779
-0.20201226564989008,-0.41440075099844625
-0.2342925457794203,-0.3035397222849073
-0.22552064828848598,-0.060493440348423425
-0.22606871072513127,0.2858181620861519
-0.2282203019910554,0.5118583185807912
-0.223964933816305,-0.24249332383227398
-0.2340982145940013,0.2682040891698692
-0.1703555690340405,-0.33349159514403254
-0.18219644303462457,-0.42788145802687094
-0.5471114093850481,2.0541673334901267
-0.3919629155446874,1.0419868847456202
-0.19026657237614722,-0.13324548197540095
-0.18809582047881693,-0.37524311579361613
-0.19005582935479093,-0.3940331908047165
-0.18919540438323101,-0.3055942988984546
-0.19921408811977617,0.2649817237903705
-0.3693146234250926,0.8601435061358266
-0.2468976703937871,-0.060156476533262435
-0.22552064828848598,-0.060493440348423425
-0.22552064828848598,-0.060493440348423425
-0.22552064828848598,-0.060493440348423425
-0.09952188346332617,-0.36466008910267933
0.5790020013823942,-0.5262420500556617
-0.22199432881241243,-0.07624116038951138
-0.22188611208600953,0.3305449392373481
-0.0172276232800622,0.23251277065064033
0.5633647143901787,-0.5587029386671599
-0.20299098711293184,-0.15064723119268444
-0.11700742409380506,-0.2063370844726321
0.01201950976234859,-0.1445707491675349
-0.11569843534845374,-0.36845416496008354
-0.09360149203895403,-0.3456825871858409
-0.10543560283413525,-0.31572149648383246
-0.1702143239485647,-0.4269663630680347
-0.23506589134936615,-0.06562762706100701
-0.20299098711293184,-0.15064723119268444
-0.18297229699265968,-0.15093489447357106
0.057904058274328284,-0.3934095238796914
0.1910475534470963,-0.32547447719299727
-0.04441739310698499,-0.39322676065974815
-0.026438099471578404,-0.4908623239869185
-0.028813748259591345,-0.4546312051244578
-0.24523468242272858,-0.24013412428040878
-0.5351536764349272,1.6918809187364037
-0.255142150255583,0.012440021631860849
-0.18836686435783292,0.10012872505269418
-0.09057468502500524,-0.4239513657709904
0.26820550887255673,-0.4787750375350086
0.2695494920304893,-0.47159319238126857
-0.23345493589994543,-0.20558731286978366
-0.22012472310550768,-0.06614811170682611
-0.2231736129223294,-0.3633418770860824
-0.24681229781631164,0.47653201024292297
-0.22552064828848598,-0.060493440348423425
-0.13993681806860006,-0.195488810732699
-0.13807766721176915,-0.43077907016851
-0.13911928862077608,-0.37574533154783724
-0.13945308103470375,-0.3676495241394047
-0.13886882986706822,-0.30796994975224645
-0.3840439505310305,1.222715546740616
-0.30450863052111465,0.7563707359065722
-0.6712322227599332,3.0265242365717078
-0.03217340782784171,-0.0595723733397275
-0.1274936195181502,-0.3578344301444273
-0.12688562703624076,-0.3403473655891418
1.1568424342688248,2.41848194804853
0.5330714318000762,-0.05860330941862343
0.44887335431612,-0.35608201019269914
-0.16295360687238755,-0.1512225577544577
-0.16295360687238755,-0.1512225577544577
0.09924388678167011,-0.24943060871290085
-0.1362716477900388,-0.41997924470453873
-0.10182590165878329,0.38000849861656855
-0.20299098711293184,-0.15064723119268444
-0.20085788376654193,-0.3466748045820669
-0.24583286368297091,-0.14264552020328675
4.398337154936542,-0.22322000713492218
-0.1185911243513014,-0.3495206605393033
-0.3286688736980736,0.5465298245200657
-0.49963783967974545,1.6619221846081607
-0.1921498846945699,-0.3441127343042212
-0.1660332024916256,-0.405707267107526
-0.17522487715727758,-0.3464095272650236
-0.07088266690749054,-0.4066976248502395
-0.19272832324037828,0.7055579593337871
-0.14388723293225766,-0.32966357844471594
-0.18329666121461016,-0.020332988901095545
-0.1563797120637056,-0.4064800668426623
-0.1655713867293576,-0.3471823270001599
-0.2133158936561583,0.13470950430200296
-0.736750730247179,3.0320061350769256
-0.24583286368297091,-0.14264552020328675
-0.222594304836853,-0.4362019768492084
-0.2616955064894808,0.14585364413479915
-0.1696684801422013,0.25820988751389623
-0.22580335021107703,-0.37817539285973784
-0.42931947996345704,1.227797044100431
-0.71650775219236,3.0316057339315226
-0.22906552876574318,-0.3520600819366405
0.12166317690296057,-0.35645039657436745
0.0817652818244644,-0.324685640473348
0.12832245530194974,-0.025329676747346958
-0.19735758013531424,-0.31171583179865564
-0.1834734371361455,-0.45577325689438913
-0.1709857299607462,-0.4154063426334015
-0.17167938645258637,-0.47183825641849636
-0.23278606786192307,-0.41902392207370714
-0.23747934760854475,-0.3789358488716459
-0.23450259517608704,-0.3143991120764496
-0.23454995176761292,-0.3913054156429671
-0.16295360687238755,-0.1512225577544577
-0.2130201207326142,-0.4192439929562906
-0.20662279277892343,-0.45409929369578844
-0.21049190963100334,-0.3334144728402258
-0.22259787004898837,-0.12152186693415984
-0.059678794057857754,0.301008274130067
-0.11424383697848126,0.3021108808706033
8.694182251676805,-0.17108084950094096
3.7871542368465234,2.5541299256146885
3.8316453251796165,0.5151526061695679
-0.2561702215603017,-0.16446126941714445
-0.2164660440848735,-0.24397632329118957
-0.22795386419657573,-0.16903040130419775
-0.17652100682472477,-0.4221100254726724
-0.14348627500231617,-0.5908340874372792
-0.2164660440848735,-0.24397632329118957
-0.22795386419657573,-0.16903040130419775
-0.17652100682472477,-0.4221100254726724
-0.14348627500231617,-0.5908340874372792
-0.23664893882908483,-0.37410844178757013
-0.24592607322487114,-0.2605657504662322
0.2604053416539007,1.413262625207226
0.17245405442140233,2.5725528168015526
-0.08151220187780395,-0.3585872453203988
0.4223727832892507,2.563745037082562
0.04905058907507952,-0.3606694610311431
0.016222492793609565,-0.34842292128473734
-0.07366865853488615,0.1531618455771812
-0.08145269014080404,0.40488957864268693
-0.1462066342383666,0.043211070798598074
-0.1557557665402637,-0.1445381957671464
-0.18313180762216655,-0.3770975323269504
-0.21521752986863565,-0.2650472401007364
-0.2215913898092776,-0.1699189356032239
-0.17231214637016226,-0.4143407061973453
-0.0031560414454579527,-0.23556717608229832
-0.04600492679969937,0.05819539808335361
-0.08987074274617846,-0.3584021789954192
-0.08555301062371633,-0.3575067517036926
-0.0847640324361035,-0.3381633977479189
-0.0823970978732649,-0.2801333358805979
-0.01447349090163989,-0.2679846636409033
-0.2462521566183185,-0.32249279003142545
0.26787622400872646,-0.42590757847492977
-0.11584550732452881,-0.353010631031956
-0.11505652913691597,-0.3336672770761823
-0.11347857276169027,-0.2949805691646349
-0.1078702782202504,-0.2674329034940721
-0.06914793506095449,-0.058695101511448765
-0.12792252651944236,-0.36800532475370895
-0.13846878420823333,-0.3541970204125498
-0.16757474363223668,-0.3396015257557035
-0.14093741353846653,-0.02997150506026239
-0.10762027341250727,0.06937596974487518
-0.1508122198604803,-0.5539052109619692
0.5862607396581262,-0.5962855358513692
-0.22227874015344806,-0.3638885453761611
-0.233908319918518,0.5116582890865234
1.0063974339121908,-0.2558154978994748
0.8812667466553119,-0.17020693770241593
-0.24617747941341597,0.14680605986952294
-0.35593200489376364,0.8628386948156657
-0.3073919199147401,0.5461657850114748
-0.47836088589641196,1.66155814509957
-0.17065393867556583,-0.43418109152717244
-0.09075644551223877,-0.4348863975167354
-0.2438016932992299,-0.009429558141737678
-0.2407406888753624,-0.27612235762165305
-0.17065393867556583,-0.43418109152717244
0.06903854081441528,-0.4362970094958614
-0.24911559065804936,-0.2753045939916514
-0.2484688736621869,-0.14214320030490546
0.9391782504682826,2.0439070774342416
0.05908091480858243,-0.32693951992413467
0.06064793150784937,-0.3210533509808515
0.054388335449224626,-0.2583989221373116
-0.23032845525607096,0.5447673417764025
-0.04908851459576006,-0.11868257000231261
-0.17410208518327158,-0.19754960274377562
-0.22950706848083025,-0.39906227963625357
-0.08177155279507944,-0.28413154969682186
0.7720301583443436,0.18321123178634663
0.46288881674138926,0.19004502708185278
0.47477525793835756,-0.5049912046876962
0.4713762471234149,-0.40734412546880305
0.4942643725330279,-0.34441003488308036
0.6050618504777204,-0.27887494242607386
0.470850733757639,-0.22606256090948076
0.4705233899565278,-0.1638839342356739
0.4641514865514297,0.43314481979899677
0.8159466501266834,0.895291492276382
0.07189119469651085,-0.1397733294534136
0.5855502074869099,-0.5980696858059803
0.6000609183041831,0.09331454182706338
0.13433238540130774,-0.036740399528412473
0.17381304832194933,0.45319639206980683
-0.05472384997875419,0.3132552478121653
-0.32149551443785185,2.4932720512053503
-0.21469008124898412,-0.3313631313273445
-0.22243132615014008,-0.07990493131330108
-0.20392485422455042,-0.3499667340713504
-0.22964494185244055,-0.053017614342807245
0.31440891924075715,0.48628404365451455
-0.2453364083681944,-0.239430190746797
-0.20802898837949702,-0.3862418020714965
-0.23279202252487885,-0.055366431865069836
-0.024264361616449275,-0.030046823820240817
0.026818604281993032,0.5137946329935561
-0.048129974879209024,1.3357316568473847
-0.1013492405936671,0.4080704440905382
-0.05669034630557054,0.8428382070058782
-0.06642928787582711,1.2771602599958074
-0.2770915011805991,3.580311926411275
-0.12850431249586491,-0.15182657411759173
-0.20874010757455447,0.030618187540344507
-0.20239083335383753,-0.4266763460891264
-0.25136845427050336,0.5204397449269345
0.1137378683564361,-0.3016376760302912
-0.14686269858149356,0.3275260748603033
0.7895544839199573,-0.1304843785512115
-0.16893561279151914,-0.31951440746947135
-0.16458815067663402,0.1845433807460575
-0.22460893279048882,-0.37197593452542
-0.22476429743045037,-0.25865759109760483
-0.2033915466795718,-0.5078721840879514
0.4653005489740126,0.16958424807005182
1.0549464813634086,1.2244458059798407
0.30067512345560715,2.0584356706717415
0.26816066398987876,1.9560128625202267
0.41045765692600616,0.1698801626000229
1.0001035893154024,1.224741720509812
0.2133177719418724,1.956308777050198
-0.22492413193032226,-0.4416513381623179
-0.22420357389610318,-0.42824643289374503
-0.2252451953051101,-0.37321269427307224
-0.12923076910816034,-0.25549111736872665
0.019552575738259262,-0.004529833975126238
-0.2345101093286566,-0.3370908701026617
-0.10966972567667307,0.3939090006838452
-0.2187972397598084,-0.37298594019050146
-0.22075724863578242,-0.3917760152016018
-0.2299155074007677,0.2672388993934851
-0.22906552876574318,-0.3520600819366405
-0.24525650208962005,-0.018127284838696914
0.31071646968797845,0.06517835398588885
-0.2256982565992317,-0.14293739067968475
0.025346742476957233,0.11416421536322038
0.43720210872261905,-0.5209527718698984
0.43840532517705344,-0.5037997005979692
-1.1728854695470792,18.37538831541617
-0.17484435299317463,-0.13119468056792602
-0.26403046657226803,0.6519961818377545
-0.19426716610051906,0.03938434407149406
-0.20398411467539537,0.12468818854158939
-0.16512740441829835,-0.21649852503802133
-0.18455021752564277,-0.04591950039860121
-0.1965617047134989,0.05954783112078588
-0.16158955707787082,-0.24752307753094077
-0.10092605297619535,0.8084739375200235
-0.24237580009518314,0.030914165895357695
-0.3070182729743677,0.6302830967056576
-0.2453364083681944,-0.239430190746797
-0.22587422639322505,-0.08833386031426138
0.5891833991361661,-0.43591073019898596
0.0918179593005232,-0.2501292431269193
-0.20680832115555603,-0.49820043081791826
-0.22907721141791124,-0.3519422338690768
-0.19453776397644315,-0.4092962952249124
-0.13267166108272505,-0.5154951469335065
-0.15227666515921745,-0.5396990416891985
0.33793136281401487,-0.28577785136891637
0.26223715167680706,-0.1700651980896209
0.20139233723409983,-0.08803118077486517
0.18051897470030123,-0.279284342796629
0.09711107693880097,0.2275743990040677
-0.1008743666515746,-0.056549149683909276
-0.1250475076672408,-0.37332069468433204
-0.2140262669024996,0.8386092015222899
0.07537802775282379,-0.1918610817676254
0.005875369720533751,1.8035647108414996
-0.24237580009518314,0.030914165895357695
-0.3070182729743677,0.6302830967056576
-0.22608501769212103,0.371231215279413
-0.2175183886638137,-0.28054719281322665
-0.20715365493355797,-0.06686182665998056
-0.2277195703120381,-0.35459707538560725
-0.22879167498102485,-0.22050150156746923
-0.08862376119389291,-0.533280555573336
-0.14895716065093054,-0.35597244408278045
-0.14704713441400183,-0.30932184864990736
-0.16769723385887964,-0.0006052173875094607
-0.14127594013329225,-0.3097123108355848
-0.142226095337255,-0.3329187543690904
-0.1319479869654689,-0.31276870833640147
-0.041126000028982826,-0.2775174332469786
-0.07796771889285306,-0.10136226263575031
-0.10659649635908014,-0.3600441656948167
-0.22660661596872927,0.07653193929655476
-0.24339345671026322,-0.34284111863185546
-0.015091933088531174,0.07012716463833654
-0.13895183092193772,0.39093800289278
-0.06802894489363374,0.42222139708848333
-0.16295360687238755,-0.1512225577544577
-0.20299098711293184,-0.15064723119268444
0.177954861367187,0.36962250000033503
0.10812027917950996,0.5775916729054589
0.08108102253499712,0.7875072391521258
0.07507890538000819,1.2061025796326135
-0.03277200757111907,2.394949083305412
-0.07990083105298618,3.4211409224198728
-0.21515910556887954,0.22006937831375856
-0.18692309038203264,-0.24299463259424284
-0.22519773316005198,0.40556580116199337
-0.23981527392200908,-0.38874136400590675
-0.2332574091869113,-0.46072352274089
-0.11970559570966136,0.40325408859754897
-0.055669688485096985,1.2662689529626263
-0.11853176193624562,-0.06815928411342649
-0.1855996232273161,-0.014616246977489521
-0.16295360687238755,-0.1512225577544577
-0.21541281439847176,-0.4105898775209932
-0.20401495198158814,-0.47819933896750316
-0.25056663712074145,-0.26879158471882697
-0.11693360074703811,-0.16104065154265834
-0.15770029177524608,-0.0752346439295286
-0.21218251104412114,-0.4189873048608097
0.32425689854133277,-0.4158389289793397
-0.2368400054699806,-0.25123958031830773
-0.2503500083519074,-0.20933751577014711
-0.2582005018885566,-0.15041192930880973
-0.0050428388864177075,0.36671981562499434
-0.15941091005418923,0.377019942294495
-0.2147029587642893,-0.3445863086639543
-0.0930927511170947,-0.3110258379795737
-0.22519773316005198,0.40556580116199337
-0.11935391367021711,-0.2774883907973415
-0.16448123180492275,-0.28562880076416286
-0.15106507099320415,-0.07644741988028561
-0.11317298282793799,-0.4653862499904629
-0.12942236223281062,-0.44315092164625625
-0.10756019211457125,-0.53986365074713
-0.2395822223616339,-0.02547570201925557
-1.510567044675588,14.734836967157632
-0.2256982565992317,-0.14293739067968475
-0.2256982565992317,-0.14293739067968475
-0.23515860470019975,0.10797893601800673
-0.021082641556886075,1.2118739836181425
-0.3374885357541884,1.3904810227330393
-0.13632399663282932,-0.19981088842177663
-0.13429215083169213,-0.4279939013450819
-0.13601745205595162,-0.21967043682019444
-0.135840259598933,-0.3719716018284823
-0.1364914540482683,-0.2505399826550714
-0.13544912102558507,-0.342494061984247
-0.13847637156942846,-0.06267325007559958
-0.13410786684726567,-0.25148367855745457
-0.14746983936400296,0.5035752326342022
-0.1466247348259646,0.26015743034707167
-0.22154659797251244,0.6091788619764388
-0.21257815917721906,0.523651509678331
0.7810583439093401,-0.4780131187394811
-0.3275606423719857,0.3295534183588097
-0.06290105247291777,-0.1538909562280069
-0.17201231702819159,0.2717667488206413
-0.14189576034064763,1.2149421449367
-0.2632926121817221,-0.09793952563347792
-0.27876326179394184,0.005783595718608549
-0.28012359426744216,0.28789948288136125
-0.17994400754156634,-0.21805114347382906
-0.24157310961873554,0.34260884039950357
0.012060802274379953,-0.20594673765123375
-0.09230555129582958,-0.22942884744244926
-0.2548467574265051,-0.20324838466410816
-0.22632801420740128,-0.24360394493250515
-0.20895613838511368,-0.38272733544883347
-0.2561702215603017,-0.16446126941714445
-0.36649237564093384,3.5610923222987516
-0.2185159931143528,-0.43717083788216743
-0.23291138317549143,-0.3366043850388679
-0.24526323802972808,-0.16630227006903264
-0.21222717008154882,-0.34309711233522383
-0.21390092844364136,-0.1936407640553147
-0.22086655796662877,-0.03613876329482451
-0.2141829829002315,-0.30424846797529137
-0.11169679058613831,-0.137060239535849
-0.22138908025635567,0.21046629379039275
-0.25056663712074145,-0.26879158471882697
-0.20988973576295988,-0.4772936541414381
-0.2368400054699806,-0.25123958031830773
-0.2503500083519074,-0.20933751577014711
-0.17183448563417328,-0.49216383312310386
-0.1073540519253902,-0.19211370862453264
-0.09651353059601106,0.31067335541611885
-0.38519842363476087,2.392884077984521
-0.2293768626184517,-0.31032882337049866
-0.1910986649399426,-0.4116645214430802
-0.20340803088730763,-0.403210325382299
-0.1829889912996263,-0.3053760390958023
-0.18307605697602702,-0.12346885734940224
-0.19385277957420985,0.5086177858801532
-0.2679295381827193,0.6142214152223897
-0.1740881392945857,0.1666880969118473
-0.17666134343573553,-0.25640422896966425
-0.23515453682492465,-0.37133660972563076
-0.16497627268801268,-0.4635535460571536
-0.1567691159735423,-0.4396825751013099
-0.1557044140466437,0.14213496715115884
-0.10929106779535265,-0.5874922723745561
-0.21137960526870747,0.37063607556833533
-0.2300277399084228,0.7107134322646728
-0.23645326659337418,-0.44491783836116244
-0.23197359830893233,0.16275548466995954
-0.29233398397025834,2.055962435975949
-0.21188447349624015,-0.33759190524626564
-0.22821463753829127,-0.28883158936943504
-0.17528068109395062,-0.5319151749675184
-0.18775936813702604,-0.5208373297526032
0.5888799443923757,-0.4598516178166772
0.17095846720965616,-0.5761450754548447
0.09618718514299873,-0.3360822134878409
-0.2582005018885566,-0.15041192930880973
-0.2453364083681944,-0.239430190746797
0.12608345738949603,-0.38592147149328826
-0.2469056175402576,-0.15223928872303216
-0.22412733485518163,-0.4406164241120892
-0.21601152956133507,-0.3538255788779394
-0.23506435268813372,-0.24177137280033642
-0.2396498441102962,-0.3344242998260601
-0.24755512281105263,0.147250179450462
-0.22258050336066237,-0.3633210193097571
-0.23391292560105034,0.5116581271193216
-0.22028428297173389,0.1683578874826639
-0.11749155366780735,-0.4960671815981994
0.29763590623621766,-0.11951003060659138
0.08387155042533849,-0.5202168349721011
-0.2207356838897159,-0.4096647836252414
-0.30153575465698607,0.14946375600980077
-0.09785562412286905,-0.447895694608991
-0.2404505865254177,-0.4429055781807334
-0.21656492012561823,-0.43852605850332355
-0.1682255571481162,0.48813466942537526
-0.033120328465198925,-0.4713422850068508
-0.06298147624897471,-0.36284868366467177
-0.05064673492121779,-0.4009580848406665
-0.07575536616846297,-0.17318203792791956
-0.07540313754461404,-0.33378118541821894
-0.05051057744470763,-0.2427928250322473
-0.07545232688260206,-0.252039998740873
-0.07577038365578485,-0.07443306450390921
-0.07624612652428026,-0.1832606832032551
-0.028146593585151727,-0.48201175859379414
-0.052139036640429307,-0.35534730735316056
-0.06347307268054173,-0.2655583689803927
-0.07588717156206093,-0.14416957545424883
-0.1529975631925749,-0.3187134180045501
-0.024112460487087532,-0.13916770192118583
0.20347839573683915,-0.35663655039623343
-0.21641562765233696,0.5724393426571257
-0.17982865079029509,-0.43002275486914143
-0.18056090503342878,-0.3983226998427872
-0.1919885398402613,0.26523582333551793
-0.20475075560704983,0.021309127527172064
-0.2669104029868091,0.6142572549648849
0.12313240892652116,-0.5547885982748334
-0.18985485094500568,0.042502196264707436
-0.22533742347830193,-0.3525787995148929
-0.51555416841863,3.008833421373234
-0.2559852226483592,-0.24472187269853413
-0.22629728246544076,-0.4271241724976621
-0.3553744892092972,1.6105118966583694
-0.3553744892092972,1.6105118966583694
-0.2367000502595987,-0.018301197319743907
-0.2943810202629154,0.5318975861193004
-0.13896859844316323,-0.310959411161116
-0.19404179978545308,-0.1955725602159073
-0.1890963480161532,0.13352037876897319
-0.15309946800824514,0.6194717815919502
-0.20949138240695658,0.527544276291383
-0.19848784129313657,0.7974630175313974
-0.31338813305805846,1.1908042128889664
-0.12869282486415481,-0.17387713355826956
-0.07720376555194046,-0.011067975644423394
-0.07048942194106089,-0.42264961199884954
-0.08137861552520238,-0.4742219275241378
-0.08785202542116491,-0.42012492171812255
-0.09488236053046961,-0.35066362176160426
-0.11767863448227955,-0.35294270864764377
-0.1253230251031649,-0.2532908684447192
-0.09760723257255816,-0.3054412774197995
-0.11947541558320827,-0.341752322015592
-0.23432786541808495,-0.4192767340732857
6.962774449761603,-0.35708819695757094
7.308760018445598,-0.27489548065438624
15.88837436117543,0.23551262837187364
7.002140932654771,-0.5738984735233177
-0.23485728462054342,-0.09592510327811712
-0.28868587617318586,0.3767204458916219
-0.23485728462054342,-0.09592510327811712
-0.28868587617318586,0.3767204458916219
-0.19847622250663027,-0.2570337515190277
-0.22324176782033225,-0.24894314086771493
-0.2046118046467793,-0.1752254402157585
-0.07512485433137385,-0.2953552567055321
-0.2456506102904054,0.005412842465834017
-0.2260089442523132,-0.2797334963596268
-0.22968150425921877,-0.12503360605591077
0.2450673313449571,-0.5860349100176595
0.26446079550752044,-0.5130970026327458
0.1582111561303664,-0.5102780183949827
0.4298203025402279,-0.4734151258253445
0.2099841637726044,-0.41571191374043526
-0.24212366384681666,-0.029658246225466475
-0.2940858253335062,-0.207853504417578
-0.21285644317246236,0.00015600548867428002
0.08493412502633779,0.18657103651945436
0.36762536551180286,-0.47311015740541007
-0.34812988879740564,0.9173411301855
-0.1690184017697447,0.7973870816821617
-0.26413328547190756,2.4046093597295077
-0.17216060784175047,0.41515822940747754
0.002275841895060009,-0.30990912060638554
-0.03819641408004398,-0.6125212790121874
-0.03465496444525254,-0.5280795389365666
0.01810166029084767,-0.5309289224229069
-0.012163629704006737,-0.4891586609027462
-0.014221996209098812,-0.47520216450394
-0.014599970770402778,-0.46613407569098164
0.007491077860489271,-0.5477873596241276
0.00548575937074978,-0.5311788870133555
-0.017710210046117024,-0.5226645437465441
0.005290112588335397,-0.5409883887103824
0.0038878179200600178,-0.5290545543576398
-0.08983654912437881,-0.3946441524985803
-0.12884152875554594,0.16099406368946895
-0.08175727366284473,-0.481527712366333
0.11506147733765298,-0.45163763611042057
-0.11470852993540674,-0.17302755945150505
-0.046751304271823585,-0.5527814576151242
-0.18292750078650538,-0.37678450175946804
-0.22193248041767255,0.17885371442858117
-0.17484822532497132,-0.46366806162722074
-0.18731016155333444,-0.44710765722826123
-0.20779948159753334,-0.15516790871239283
-0.13984225593395017,-0.534921806876012
-0.20260627595451372,-0.4219152115577098
-0.20339942262584543,-0.40713880726983337
-0.2112494010492783,-0.33756957176876795
-0.195656719927173,-0.31387126045523567
-0.20690859839803447,-0.35720206655648734
-0.20997191071142415,-0.06919428072254236
-0.2089187449723857,-0.16234386463233927
-0.2457971428809814,-0.3225296600668107
-0.2861378342942796,0.7475158063802021
-0.3521017570854941,0.9584034782980101
-0.25648701876689006,-0.24455085916871103
0.6143078172218569,-0.22263873387322422
-0.22207405038149355,-0.45375999738092493
-0.2278066113046664,-0.40957996577167766
-0.1712598802901186,-0.5897219978287651
-0.2000764581362568,-0.5190459180590106
-0.05664035920183505,-0.4762391480297416
0.7860323904416563,-0.4923546689272253
-0.18379744924095553,-0.4421478823915551
-0.13220608382531557,-0.5945672849362237
-0.16095768059486595,-0.5238997622641309
-0.1632896296288698,-0.5072482769854662
-0.1632069503841293,-0.5170944303220352
-0.2140262669024996,0.8386092015222899
-0.24376954586258193,-0.025299904785316154
-0.14475985248657944,-0.38059425465295216
-0.21184401899385005,-0.42533098844865647
-0.24245142185543972,-0.16898091071615817
-0.25052844884736136,-0.05578729316141121
0.07300623165058817,-0.2065714834372234
-0.2274395259206062,-0.1325476239140459
-0.2292632554409855,0.6962562777775614
-0.27414587053706374,0.5097887650807263
-3.446014738102943e-05,0.4009048267729459
-0.09732150637713974,-0.41214043524167543
0.1765477826913304,-0.507369807692766
-0.03223237268127347,-0.5282811768776643
-0.24118056907798807,1.4212521587949274
-0.22581329845705075,-0.436094171049035
-0.23421443429722685,-0.37294319338174303
-0.24190922032585113,-0.29428471928502825
-0.11816672182687739,-0.4270739950564809
-0.06695260105081209,-0.3406804017002171
-0.08153953128496272,-0.3498969512502546
0.11691362767000851,-0.30871757806539896
0.05172452085451088,-0.2579074214922789
1.650725387112701,6.70980716090164
-0.2456506102904054,0.005412842465834017
0.07522250253482966,-0.3460810071248614
-0.04609423024455928,-0.27361766358453393
-0.0662666823086294,-0.32542733016282144
-0.12031768032956702,-0.4595794110592919
-0.12188808262041108,-0.35649363652478316
-0.21575052344544632,-0.3818539900740684
-0.0007556956056988972,0.1111328835524274
-0.06593672311407527,-0.32232545892752745
-0.0007316739512947289,-0.07625173488956233
-0.06779953524236522,-0.022708697753625363
0.06417264798746956,0.26635904204738975
-0.34242034662309634,0.005664158749673337
0.35632845347507824,-0.24108229350414237
0.9488789829695559,0.07392038751643408
0.3394770523851263,-0.08937935551825343
0.3156489396403081,0.4883299599447974
0.5443534744746973,-0.47208198880393915
0.37124244210558743,0.327578927310747
0.39674471096326036,1.1651372754282516
-0.2403905809430427,0.05337019081050843
-0.08454618702825882,-0.3589989826812577
-0.206543053851484,0.028961002280741707
-0.2004605434891156,-0.19428039075783
-0.19939255528758376,-0.3067615297773774
-0.20082966362210644,-0.12298091293140659
-0.21076128168225092,0.26568792801101837
-0.22949522409436202,-0.4576931852851849
-0.2367986132425835,-0.40453335254460965
-0.18411422019880153,-0.2537372682874126
-0.2259785229511895,-0.19184093006722652
-0.2265215665309799,-0.030383977231995655
-0.30135349567135983,0.14820254176207964
-0.12697607693508292,-0.37233839013510533
0.2567091379028809,0.21321465894875605
-0.2075784930063875,-0.45492664477466965
-0.18792071002771654,0.37687643964528433
-0.164157124711534,0.5860079567999933
-0.0870048734514126,-0.35434305273828026
-0.09295834350972741,-0.2745915818305747
-0.08397550502771334,-0.38567556990718166
0.008468662954314851,-0.5183381636000505
-0.06838952687530697,-0.517934679338974
-0.23685718535906403,-0.4441522282619284
7.697229084560691,-0.32362165289654227
4.51787211944959,0.7956460211728288
6.433956716798871,1.0342741858185707
6.213483762843135,1.0777317443836536
11.606743525990696,2.011236282407514
-0.21373625866253856,-0.34080832038417047
-0.20087298116656474,-0.46254206365912665
-0.20262075158056858,-0.4448544780724534
-0.21557714716224557,-0.1718114783216797
-0.1762715492169719,-0.5346612165059302
-0.1780172217748549,-0.5227487736431247
-0.18201120034869706,-0.5038783270771142
-0.18329424849510226,-0.4948967262566657
-0.2003565125439628,-0.4407603482845218
-0.20875764838413888,-0.3776093706172299
-0.22047827116602278,-0.2608244613455157
-0.19288855847360126,-0.4221434352834219
-0.17724679343569208,-0.5227216801295286
-0.1827942324956772,-0.48487188427918027
-0.18664094352090807,-0.45864131563441124
-0.2449149048496103,-0.392770197329813
0.06527562485220324,-0.43963950793410717
-0.28360052503146344,1.5093295936013122
-0.19765797516700342,-0.4284251909216132
-0.19942246024248678,-0.3344429335725991
-0.19376201908268034,0.07435013243136127
-0.24492632657122576,-0.17868398842906766
-0.25196117801880513,0.28731624381080195
-0.16652576488987172,-0.14168032316031537
-0.18238664389137244,0.12125908232194559
-0.17882810464874582,-0.37014650073079963
-0.17925087220389807,-0.21809640725035903
-0.16665348276773834,-0.12615386069641937
-0.14784999836404555,-0.49850306938276606
-0.2161275131338897,0.16754741999036424
-0.2181298418462176,0.20958762908023792
-0.20428706978777167,-0.12921100497136576
-0.20680832115555603,-0.49820043081791826
-0.21575052344544632,-0.3818539900740684
-0.2341780508430418,-0.11970454048827334
-0.1469053890601304,-0.5077593916012276
-0.21318140814835376,0.13823479523607363
-0.2727090026286908,0.9165620525492828
-0.21863697963569154,-0.22493596943372823
-0.22034853003102134,-0.3391252310938513
-0.2335764425391571,0.5322586927584835
-0.21200063958471513,-0.5104125300782165
-0.20339941766854805,-0.5119902554400394
-0.032115060645536916,-0.47757243225073837
-0.08521392125695743,-0.5165696463148598
0.16167043073481618,-0.24688737215549245
-0.1711919434937832,-0.15385614009455145
0.034838497607749264,-0.23777841225868276
-0.27366321444850494,-0.05336986482704689
-0.23453399771682942,-0.21114228064340862
-0.13696805460963257,-0.37822352311413354
-0.17743755174816117,1.215018895707786
-0.19645332165592255,-0.5065159065063779
-0.1356532746336206,-0.3108428217703275
-0.18578102420661055,0.13363696815976164
-0.24530861868694764,0.9119642254729708
-0.19123659569394835,-0.22953379651004024
-0.20617605859741395,0.5276608656821714
-0.21841187875995588,0.5177959108666719
-0.29302973827665735,1.4718005614917238
-0.24790990060750603,0.8949552072903861
-0.3155896571112331,1.760223238592393
-0.1431942006399823,0.369539440409006
-0.15269736041184273,1.2158889295269832
-0.2605482733629702,2.4047354331997814
-0.2215159635937378,-0.3377450610120503
-0.21370278129236284,-0.35152544006955583
-0.22902840443638486,-0.2577882954869916
-0.23269061055659265,-0.21485387709767864
-0.22671524940306573,-0.006674305861914029
-0.2499271206730332,-0.32484514045354623
-0.23907662315605857,-0.33613804897774824
-0.20890502532836003,-0.4802287063863541
-0.2127517363535909,-0.4539981377415851
-0.23434883423621444,-0.2956482130691777
-0.23876847582874666,-0.2480184454933764
-0.23071813759552104,-0.3378511793292533
-0.2262755122496136,-0.39545155603635895
0.22310754019636372,-0.4125295776961229
0.29344366742045297,-0.23297206650705574
0.06531762233174668,0.33501884926587316
0.07612047394593385,0.8861242077401451
0.19260678165583411,-0.48762516531840083
-0.21170104816683835,-0.44882897835642405
-0.21242822201271958,-0.43896030733834246
-0.22082935785289567,-0.3758093296710505
-0.21703936299148463,-0.41160360925453365
-0.2121742622961587,-0.4607149291993512
-0.18931850290444888,-0.5209216391833492
-0.17994400754156634,-0.21805114347382906
0.04767476576879156,-0.08010206540363121
0.09101374042732249,-0.02311417957222018
0.03643573826618856,0.26129579754607046
-0.03315431697764695,-0.5309466885618623
-0.08988101288974726,-0.5167337730793872
-0.19755320751268618,-0.5495938896853539
0.6547741574457258,-0.47192853608138813
0.404434870382959,-0.5333642698764003
-0.19753686561794936,-0.2422556030206894
-0.2546283777006975,0.022662459068855428
-0.1758273923461234,0.586709832897081
-0.15381052779191945,-0.49021670124327904
0.1017304213644633,-0.3038798247463104
-0.22304780045146705,-0.4585787321891549
-0.23437972712588814,-0.3729490062046534
-0.24172404703812786,-0.2947952935581998
-0.23570558632653593,-0.4262168351444671
-0.2369025676289265,-0.4078530058426017
-0.26229628231040353,0.04477795245535539
-0.24601815088559068,-0.33519620137390316
-0.24705413076308635,-0.3059457848160732
-0.2207356838897159,-0.4096647836252414
0.10229803215656294,-0.535152869370258
0.5606868718369896,-0.493123706521871
-0.22756498736528433,-0.245739298134152
0.04226010307266907,-0.3629027192949426
-0.0152093713537427,-0.2839918998595825
-0.03813466189741942,-0.0853706157690174
-0.07475499253523098,-0.44746101193996507
-0.07590773531896743,-0.36948579828652406
-0.05328046733494255,0.14959592150950127
0.40375209786513244,-0.4460017426821356
0.4104890641669507,-0.39377486712704013
0.027892061798225225,0.48600893410119583
0.20486003766043223,0.2479431552641986
0.1332815550053815,1.6648667803383908
-0.2196642553456608,-0.4072676385334445
-0.2279009748110973,-0.3379696015428627
-0.23138757890048472,-0.2961392711928034
-0.2199027980104494,-0.41059202487300134
-0.1961759164972558,-0.5010396082358065
-0.19946134898057938,-0.25069920340989255
-0.11806344842336229,-0.4935817888233118
-0.1819631995889017,-0.530211654952139
-0.20183301868353587,-0.35836941652585225
-0.14739873753430047,-0.0221242889850173
-0.2227072733937632,0.679482871300182
-0.2310696536745553,-0.44506098146665046
-0.24440614529984947,-0.33521318903462144
-0.23799043166497633,-0.0048462535879948325
-0.23451036365612887,-0.20263185750447898
-0.23475370505458193,-0.13120847584680173
-0.08376330510197962,-0.7989617430671778
-0.06310709155382949,-0.4699280442569428
-0.12268280304336672,-0.3647304668654216
-0.22415965498956772,-0.2352030647763413
-0.20497871749070737,-0.4202000274801123
-0.2099065769642295,0.3246854323820648
-0.1842692995445446,0.756107101743702
0.3150122881213033,0.7740949492000476
0.2910071068290906,0.5070060259469958
0.4909749868414276,0.8597396938578944
0.18690465366910947,0.9214271552334526
0.1479442015919446,1.4027004613607803
0.10808877653213769,1.895137505655414
-0.2081007758891756,-0.5110433049702175
0.8683271472373495,-0.41904830024050566
0.8576744941757171,-0.27612670352709157
0.6262046344970277,0.3484059666815249
0.3940964776294546,0.4228715643159646
-0.12684156950174966,0.3217931092313196
-0.11547731385210876,0.7591193832219205
0.849810484664429,-0.5184589554788805
0.8534297281469165,-0.5036099833245476
-0.2170670304585107,-0.45318313739880633
-0.18232087563669544,-0.5814439931763007
-0.21393178566479504,-0.4983271788210416
0.03764946414907613,-0.18006286991355297
0.04298337225264501,0.017999841104211687
-0.21855098005143425,-0.415541635471938
-0.22808596972614703,-0.3379761072254698
-0.2238777877869102,-0.3748042509721253
-0.22027278742477208,-0.3517564862829753
-0.19634293360305405,-0.501163400181304
-0.1989270077051158,-0.48308291227751643
-0.22360611152288962,-0.4585983662132886
-0.242632824225935,-0.2943101661320723
-0.19708683817535047,-0.5128805443837521
-0.2501901136464848,-0.2009586998645826
-0.2652778684168789,-0.32704819790585427
-0.24513811063107982,-0.3448998280952454
-0.2766891093539209,0.3220939418517
-0.08765635444700774,-0.47351401605697957
-0.36649237564093384,3.5610923222987516
-0.2264247941650003,-0.36099786584799304
-0.2001638289070779,-0.39314548367233
-0.20852985584918568,-0.4188814421146039
-0.22587231249304804,-0.4400476027988
-0.22669327049623336,-0.4521785579016789
-0.21160991024010067,-0.4504690545114533
-0.24341748385095352,0.38199798367166304
-0.20999858675887711,-0.4589341807839963
0.023692148249989435,-0.40154302962747446
0.02558165370558516,-0.43217408642590316
0.0234226580749035,-0.3402219582740967
0.12180049352185769,-0.21045356579747868
0.025017303299113936,-0.4084144919698338
0.19651285850927858,-0.021215456146485612
0.041278589261623914,0.21492122525187737
0.027890655967226792,0.09422507274213347
-0.2291273641527076,-0.37578516501588244
-0.2138150591424044,-0.5227986279878233
-0.18509476098275268,-0.5919315363385853
-0.16753344553427285,-0.4536642146018206
-0.24467452921690505,0.3526081087253622
-0.23134661216428523,-0.4459566036424283
-0.2214273939805198,-0.44858973961815296
-0.24314649112724945,-0.3351688910049192
-0.2466330952166369,-0.2933385606548599
-0.25187628827917735,-0.21219172950090606
-0.2587018018843774,-0.14558686183906605
0.02037639197710457,-0.4795908109581861
0.27680834809005833,-0.46594623181968214
0.019786227073229905,-0.4831348277479735
-0.1424442166156105,-0.21408714350728436
0.626053401099692,-0.5235684347653331
0.6291209916440298,-0.49677292449043614
0.6956002388065643,-0.44050247434443035
-0.16057427362916785,1.1550824330046923
-0.15087390177453996,-0.36770016932116345
-0.09479088283556622,-0.3521064586437917
-0.1741001894939653,-0.35470823790927175
-0.19535634292038478,0.5270271592325982
-0.09471843282231006,1.1018140436327013
-0.17039023033294123,-0.46896203806988507
-0.172593847321305,-0.45635196077075707
-0.1776936194811627,-0.41580220532930984
-0.1859303389465992,-0.34650416833872805
-0.1722064949896218,-0.463218001315994
-0.1593485572607864,-0.473619107449107
-0.12139472421277729,-0.5991207013674369
-0.15021130205891553,-0.5284446215976822
-0.1225943706046581,-0.5926909893869309
-0.15264763348869456,-0.511808120328776
-0.15575874111890065,-0.49059482574733393
-0.15960545214413152,-0.4643642571025649
-0.15291114844394443,-0.518584440152891
-0.1524721789015692,-0.5216664908785257
-0.24728837949473037,-0.342625254921843
0.0012759679234580412,-0.3423286323390511
0.10715904780814679,-0.49053011142975494
0.22020394741584723,-0.45573721912642146
0.10747934021160463,-0.43661277372274293
-0.14818386943692044,-0.05247895382423168
-0.14151669239399087,1.1046174268555833
-0.24202414106602238,-0.37752711520957066
-0.21977471953406727,0.15845114717142925
0.36993909087971083,-0.5019010588723682
0.37479330948916606,-0.469914270892679
-0.12133733645293059,-0.4962021938885531
-0.19441464876862954,0.13592374132227295
0.25419770353104765,-0.036742967920189724
-0.26371943006677545,-0.16488223976000738
0.00823744195598649,-0.30091151886331696
0.007073878897695073,-0.25262482179148665
-0.16796006027468818,-0.40595012017926313
-0.0995947824071406,0.3542023318693658
-0.1640870541734996,-0.48910940809988696
1.0375937654584306,-0.3803430556429862
-0.19679228697611761,-0.2249250865239151
0.2851141658202565,0.06326045043731696
-0.15468648525082457,-0.02143248163913775
0.05651256665969058,-0.3434264746683558
-0.16962720611155635,-0.31420998490324015
-0.0054967961231732025,-0.1534424915329309
0.05861111167407411,-0.4904622784506823
-0.0026590164168631505,-0.29786298963685925
0.09516535391353943,-0.2613317007176127
0.007695510106230443,-0.13941965570655623
-0.008199240402693875,-0.07131680227407668
0.152651329410983,0.30837983611103215
0.025713776249324832,0.2761645573003849
-0.13649694996251402,0.8076261349914211
-0.22927826625884093,0.2340489960858567
-0.18838067980024972,-0.2503078462378238
-0.13996194480816387,0.007927840810192911
-0.3749394408093104,0.3356505328781103
-0.2675967453043243,-0.003076161074670699
-0.11644609330649883,-0.5088059648063886
0.1795790971881247,-0.00412346312616055
0.1647367283384652,-0.3079990386442615
0.04543016604722722,-0.26524670637274306
0.17314397013731378,-0.19884395316200063
-0.2508902382147184,-0.24778408395990842
1.0683718435185903,-0.37959988213305784
-0.17722646532316386,0.06273607262060016
-0.16421988259006734,0.3185061121039179
-0.1833347904774444,-0.0572503101817777
-0.13878471281034985,-0.3735019304363347
-0.16478765768542525,-0.46803929915955667
-0.24602515543110806,-0.32062772413294943
-0.2123212274094084,-0.4557599957252594
-0.21657081822938068,-0.42893672339248234
-0.2218638699052434,-0.38126727173698416
-0.211392868620064,-0.46382433892105257
-0.21778357832088238,-0.4180130712276967
-0.24202414106602238,-0.37752711520957066
-0.187509504549206,-0.3866260723820914
-0.19949240014024686,-0.363253844097328
-0.2027702292484551,-0.223454074425865
-0.1899785276477651,-0.22771885468790254
0.36357275777331965,-0.13996757449953165
-0.18581094179265525,0.15630869833628197
-0.14417975888745918,0.35451854875334626
-0.23007919239430746,-0.2977377891040887
-0.25430114209711696,-0.07935073871068854
-0.2315410060733066,-0.28945100442761834
-0.2280485065631265,-0.3293735457159148
-0.2368451390994866,-0.05860061629092529
-0.19063155167769674,-0.2849138103657278
-0.1429866388473647,-0.060905903126745216
-0.27640651024191604,0.4531260514429399
-0.25335394924310445,-0.34856855348417715
-0.09040333545628011,0.33014388020086416
-0.08080685410504299,0.7169450171749928
-0.17195945954538538,2.3155267959433146
-0.2524238074688502,3.4295335078714055
-0.25335394924310445,-0.34856855348417715
-0.23302037340698334,-0.33674935514230336
-0.10550053713329341,-0.4805179402020823
